{
  "type": "momentum_field",
  "version": 2,
  "total_params": 148,
  "training_cycles": 2,
  "meta_loops_completed": 0,
  "shell_momenta": {
    "S": {
      "1": 5.540348784784565,
      "2": 5.854256994496954,
      "3": 5.301034506572185,
      "4": 3.265804875416993,
      "5": 4.558464935383826,
      "6": 4.893193759878353,
      "7": 5.141001200597385,
      "8": 2.3636289987212575,
      "9": 2.6587546413315377,
      "10": 3.961622030425224,
      "11": 4.23473731356909,
      "12": 1.880834663266798,
      "13": 3.1557560874228514,
      "14": 2.728437590116728,
      "15": 5.153617425789302,
      "16": 3.028093494868778,
      "17": 4.611229535277334,
      "18": 4.44839309336019,
      "19": 5.361487765205949,
      "20": 4.031619179508655,
      "21": 5.262801570040336,
      "22": 3.3819421056472425,
      "23": 5.462370070819845,
      "24": 3.447257462906369,
      "25": 4.527299470291523,
      "26": 5.546047144445988,
      "27": 6.559673469973898,
      "28": 1.8127034571046423,
      "29": 6.6088184179297995,
      "30": 4.810767905451355,
      "31": 7.037652622093424,
      "32": 2.954368539177464,
      "33": 3.2833523983551176,
      "34": 4.013229178819398,
      "35": 4.336781657634598,
      "36": 2.055963163263179
    },
    "F": {
      "1": -0.9849953380094858,
      "2": 1.9476898851503646,
      "3": 3.039155284518586,
      "4": 1.9218967562795846,
      "5": 5.0495185982025435,
      "6": 5.506549992454518,
      "7": 5.877880162182211,
      "8": 2.749914244128277,
      "9": 3.1364008944932613,
      "10": 4.743982666342744,
      "11": 5.147381564497192,
      "12": 2.3042028365041607,
      "13": 3.9391863363165522,
      "14": 3.4462995936235994,
      "15": 6.644567943910708,
      "16": 3.9329145157218313,
      "17": 6.1058444918771,
      "18": 5.9675773336857585,
      "19": 7.307581654810536,
      "20": 5.543961202248873,
      "21": 7.363838392504461,
      "22": 4.751622607289642,
      "23": 7.847652090665015,
      "24": 4.965498644479895,
      "25": 6.645472616926182,
      "26": 8.275480883157227,
      "27": 9.938352179469558,
      "28": 2.6552382409034245,
      "29": 10.260319760259694,
      "30": 7.506581120763206,
      "31": 11.201315531942814,
      "32": 4.6364485005129366,
      "33": 5.232614889641818,
      "34": 6.515440740899341,
      "35": 7.136710350571996,
      "36": 3.2914039855162756
    },
    "C": {
      "1": 0.5,
      "2": 0.5,
      "3": 0.5,
      "4": 0.5,
      "5": 0.5,
      "6": 0.5,
      "7": 0.5,
      "8": 0.5,
      "9": 0.5,
      "10": 0.5,
      "11": 0.5,
      "12": 0.5,
      "13": 0.5,
      "14": 0.5,
      "15": 0.5,
      "16": 0.5,
      "17": 0.5,
      "18": 0.5,
      "19": 0.5,
      "20": 0.5,
      "21": 0.5,
      "22": 0.5,
      "23": 0.5,
      "24": 0.5,
      "25": 0.5,
      "26": 0.5,
      "27": 0.5,
      "28": 0.5,
      "29": 0.5,
      "30": 0.5,
      "31": 0.5,
      "32": 0.5,
      "33": 0.5,
      "34": 0.5,
      "35": 0.5,
      "36": 0.5
    },
    "R": {
      "1": 0.4794494800982259,
      "2": 2.172673504106838,
      "3": 2.460192580954647,
      "4": 1.3367222684467124,
      "5": 2.9308254032772756,
      "6": 2.9541190015485483,
      "7": 2.911409609019933,
      "8": 1.2137372110513769,
      "9": 1.2942967578001725,
      "10": 1.8375983844236887,
      "11": 1.8477277245773949,
      "12": 0.7635052177476019,
      "13": 1.2164959083439362,
      "14": 0.9934122256924995,
      "15": 1.7563363518483812,
      "16": 0.9830235742738253,
      "17": 1.3957235809555355,
      "18": 1.2708790799156513,
      "19": 1.4341754642737188,
      "20": 1.0318260353171729,
      "21": 1.2531867209162897,
      "22": 0.7864942849074812,
      "23": 1.1570004192799512,
      "24": 0.7209909440540689,
      "25": 0.8720834670615054,
      "26": 0.9918749708835268,
      "27": 1.09296268137855,
      "28": 0.591349121231533,
      "29": 0.9852313834504529,
      "30": 0.7085534020107886,
      "31": 0.9347018919479889,
      "32": 0.591349121231533,
      "33": 0.591349121231533,
      "34": 0.591349121231533,
      "35": 0.591349121231533,
      "36": 0.591349121231533
    }
  },
  "dimension_momenta": {
    "D1_Earth": 4.15974142047068,
    "D2_Fire": 3.6294584583657628,
    "D3_Water": 0.5,
    "D4_Air": 4.517113029892162
  },
  "hologram_16": {
    "dimensions": {
      "D1_Earth": {
        "value": 0.25,
        "gradient": 0.3333333333333333,
        "momentum": 4.257592930831893,
        "curvature": 0.25
      },
      "D2_Fire": {
        "value": 0.25,
        "gradient": 0.3333333333333333,
        "momentum": 5.320875032067844,
        "curvature": 0.25
      },
      "D3_Water": {
        "value": 0.25,
        "gradient": 0.3333333333333333,
        "momentum": 0.5,
        "curvature": 0.25
      },
      "D4_Air": {
        "value": 0.25,
        "gradient": 0.5,
        "momentum": 1.2593140071375817,
        "curvature": 0.25
      }
    },
    "interconnections": {
      "D1_Earth_D2_Fire": 0.04155446853669607,
      "D1_Earth_D3_Water": 0.032111747790884965,
      "D1_Earth_D4_Air": 0.024712462525027838,
      "D2_Fire_D3_Water": 0.04010301844473329,
      "D2_Fire_D4_Air": 0.0326813090747517,
      "D3_Water_D4_Air": 0.038534154219240314
    },
    "total_values": 16,
    "compression_ratio": "38837:16 = 2427:1",
    "hash": "e6a24e27c2fc000f"
  }
}