{
  "type": "momentum_field",
  "version": 2,
  "total_params": 148,
  "training_cycles": 115,
  "meta_loops_completed": 3,
  "shell_momenta": {
    "S": {
      "1": 16.879073063358643,
      "2": 15.161225230774603,
      "3": 14.099536882737501,
      "4": 13.44337739819067,
      "5": 12.381502517745048,
      "6": 12.38150457021352,
      "7": 12.38150608970309,
      "8": 12.381489059592589,
      "9": 12.381490869224837,
      "10": 12.381498858062487,
      "11": 12.381500532733043,
      "12": 12.381486099225633,
      "13": 12.381493916706031,
      "14": 12.381491296502217,
      "15": 12.38150616706244,
      "16": 12.381493133912834,
      "17": 12.381502841283599,
      "18": 12.381501842813678,
      "19": 12.381507441668287,
      "20": 12.381499287266461,
      "21": 12.381506836550686,
      "22": 12.381495303618768,
      "23": 12.381508060251859,
      "24": 12.381495704115233,
      "25": 12.381502326646675,
      "26": 12.381508573337504,
      "27": 12.381514788625584,
      "28": 12.381485681463129,
      "29": 12.381515089969383,
      "30": 12.381504064800016,
      "31": 12.381517719467109,
      "32": 12.381492681850938,
      "33": 12.381494699092801,
      "34": 12.381499174503844,
      "35": 12.381501158441921,
      "36": 12.381487173067198
    },
    "F": {
      "1": -0.0030415328740481737,
      "2": -0.0030415328740481737,
      "3": -0.0030415328740481737,
      "4": -0.0030415328740481737,
      "5": -0.135092125993233,
      "6": -0.13508904032236624,
      "7": -0.13508653326770637,
      "8": -0.13510765188981183,
      "9": -0.13510504250539662,
      "10": -0.13509418883472604,
      "11": -0.13509146526640364,
      "12": -0.13511066113320908,
      "13": -0.1350996224583687,
      "14": -0.13510295020845686,
      "15": -0.13508135693587942,
      "16": -0.13509966480288665,
      "17": -0.13508499415485842,
      "18": -0.13508592767265878,
      "19": -0.13507688056485173,
      "20": -0.13508878773866717,
      "21": -0.1350765007446058,
      "22": -0.1350941372532734,
      "23": -0.13507323425164242,
      "24": -0.13509269325825396,
      "25": -0.1350813508279332,
      "26": -0.1350703457436372,
      "27": -0.13505911878291038,
      "28": -0.13510829109969674,
      "29": -0.13505694500229798,
      "30": -0.13507553700976488,
      "31": -0.1350505918211491,
      "32": -0.1350949148571544,
      "33": -0.13509088980924344,
      "34": -0.13508222874480424,
      "35": -0.13507803421121406,
      "36": -0.13510399599408854
    },
    "C": {
      "1": 0.5,
      "2": 0.5,
      "3": 0.5,
      "4": 0.5,
      "5": 0.5,
      "6": 0.5,
      "7": 0.5,
      "8": 0.5,
      "9": 0.5,
      "10": 0.5,
      "11": 0.5,
      "12": 0.5,
      "13": 0.5,
      "14": 0.5,
      "15": 0.5,
      "16": 0.5,
      "17": 0.5,
      "18": 0.5,
      "19": 0.5,
      "20": 0.5,
      "21": 0.5,
      "22": 0.5,
      "23": 0.5,
      "24": 0.5,
      "25": 0.5,
      "26": 0.5,
      "27": 0.5,
      "28": 0.5,
      "29": 0.5,
      "30": 0.5,
      "31": 0.5,
      "32": 0.5,
      "33": 0.5,
      "34": 0.5,
      "35": 0.5,
      "36": 0.5
    },
    "R": {
      "1": -0.08165087500721602,
      "2": -0.08165087500721602,
      "3": -0.08165087500721602,
      "4": -0.08165087500721602,
      "5": -1.0096044012943133,
      "6": -1.0096042440263915,
      "7": -1.0096045323810428,
      "8": -1.00961599430319,
      "9": -1.009615450401284,
      "10": -1.0096117822725246,
      "11": -1.0096117138837655,
      "12": -1.009619034067553,
      "13": -1.009615975677704,
      "14": -1.0096174818386134,
      "15": -1.0096123309172995,
      "16": -1.0096175519781254,
      "17": -1.0096147656128922,
      "18": -1.0096156085069357,
      "19": -1.0096145060030326,
      "20": -1.0096172224858098,
      "21": -1.0096157279578033,
      "22": -1.0096188788556886,
      "23": -1.0096163773645457,
      "24": -1.0096193211048496,
      "25": -1.0096183009959416,
      "26": -1.0096174922174677,
      "27": -1.009616809718613,
      "28": -1.0096201963882563,
      "29": -1.0096175370719886,
      "30": -1.0096194050775513,
      "31": -1.009617878224439,
      "32": -1.0096201963882563,
      "33": -1.0096201963882563,
      "34": -1.0096201963882563,
      "35": -1.0096201963882563,
      "36": -1.0096201963882563
    }
  },
  "dimension_momenta": {
    "D1_Earth": 12.379345708600754,
    "D2_Fire": 0.01,
    "D3_Water": 0.5,
    "D4_Air": 0.01
  },
  "hologram_16": {
    "dimensions": {
      "D1_Earth": {
        "value": 0.25,
        "gradient": 0.3333333333333333,
        "momentum": 12.660867114849442,
        "curvature": 0.25
      },
      "D2_Fire": {
        "value": 0.25,
        "gradient": 0.3333333333333333,
        "momentum": -0.12041532874048173,
        "curvature": 0.25
      },
      "D3_Water": {
        "value": 0.25,
        "gradient": 0.3333333333333333,
        "momentum": 0.5,
        "curvature": 0.25
      },
      "D4_Air": {
        "value": 0.25,
        "gradient": 0.5,
        "momentum": -0.9065087500721601,
        "curvature": 0.25
      }
    },
    "interconnections": {
      "D1_Earth_D2_Fire": 0.04269859770974023,
      "D1_Earth_D3_Water": 0.03473777097339045,
      "D1_Earth_D4_Air": 0.02620152155119287,
      "D2_Fire_D3_Water": 0.03800120445371034,
      "D2_Fire_D4_Air": 0.03030408622537105,
      "D3_Water_D4_Air": 0.03769755917076305
    },
    "total_values": 16,
    "compression_ratio": "38837:16 = 2427:1",
    "hash": "ae890875b2ddfa93"
  }
}