{
  "type": "momentum_field",
  "version": 2,
  "total_params": 148,
  "training_cycles": 16,
  "meta_loops_completed": 0,
  "shell_momenta": {
    "S": {
      "1": 79.71804520117014,
      "2": 51.79453928430311,
      "3": 34.367514088989275,
      "4": 23.213251736522928,
      "5": 6.204571438215494,
      "6": 6.280433304816109,
      "7": 6.336595587938443,
      "8": 5.707140865008147,
      "9": 5.774027193557627,
      "10": 6.0693048775723595,
      "11": 6.131202848886115,
      "12": 5.597721906162619,
      "13": 5.886666006365661,
      "14": 5.7898199134498025,
      "15": 6.339454888729037,
      "16": 5.857732966072969,
      "17": 6.216529837807762,
      "18": 6.179625109172303,
      "19": 6.386565955374892,
      "20": 6.085168806811826,
      "21": 6.36420003279777,
      "22": 5.937928079679412,
      "23": 6.409429597376447,
      "24": 5.952730942644218,
      "25": 6.197508197220491,
      "26": 6.428393900813842,
      "27": 6.658118918389458,
      "28": 5.582280868238807,
      "29": 6.669256971682462,
      "30": 6.261752573682705,
      "31": 6.76644657953643,
      "32": 5.8410241787068475,
      "33": 5.915584024804294,
      "34": 6.081000956071215,
      "35": 6.15432985155323,
      "36": 5.637412467394546
    },
    "F": {
      "1": -111.87945611438364,
      "2": -68.42918496016321,
      "3": -41.74038996026125,
      "4": -25.65571875837593,
      "5": 1.4988835249482886,
      "6": 1.6034376484653272,
      "7": 1.6883860807165862,
      "8": 0.9728078095814724,
      "9": 1.0612235584516,
      "10": 1.428986703941391,
      "11": 1.5212714326377834,
      "12": 0.8708433359112179,
      "13": 1.244875117836156,
      "14": 1.1321184406722722,
      "15": 1.8637796533201585,
      "16": 1.2434403264555542,
      "17": 1.7405370072922293,
      "18": 1.7089059164794236,
      "19": 2.0154559239106478,
      "20": 1.611996133284872,
      "21": 2.028325661034818,
      "22": 1.4307344773754944,
      "23": 2.139006716631679,
      "24": 1.4796624545144041,
      "25": 1.8639866134883047,
      "26": 2.2368802215526893,
      "27": 2.6172918368031803,
      "28": 0.9511489768190705,
      "29": 2.690947692032799,
      "30": 2.0609806187231205,
      "31": 2.9062173417307062,
      "32": 1.4043863360063322,
      "33": 1.540770083533582,
      "34": 1.8342394910843516,
      "35": 1.976366050274911,
      "36": 1.0966832938837094
    },
    "C": {
      "1": 0.5,
      "2": 0.5,
      "3": 0.5,
      "4": 0.5,
      "5": 0.5,
      "6": 0.5,
      "7": 0.5,
      "8": 0.5,
      "9": 0.5,
      "10": 0.5,
      "11": 0.5,
      "12": 0.5,
      "13": 0.5,
      "14": 0.5,
      "15": 0.5,
      "16": 0.5,
      "17": 0.5,
      "18": 0.5,
      "19": 0.5,
      "20": 0.5,
      "21": 0.5,
      "22": 0.5,
      "23": 0.5,
      "24": 0.5,
      "25": 0.5,
      "26": 0.5,
      "27": 0.5,
      "28": 0.5,
      "29": 0.5,
      "30": 0.5,
      "31": 0.5,
      "32": 0.5,
      "33": 0.5,
      "34": 0.5,
      "35": 0.5,
      "36": 0.5
    },
    "R": {
      "1": -88.75655406951923,
      "2": -55.17259033240571,
      "3": -34.57678075807668,
      "4": -22.12255866262356,
      "5": -1.2509172239134871,
      "6": -1.2459997319235492,
      "7": -1.2550160759511528,
      "8": -1.6134102717008423,
      "9": -1.5964034133684908,
      "10": -1.4817074627503202,
      "11": -1.4795690662480228,
      "12": -1.7084583701054408,
      "13": -1.6128278854296942,
      "14": -1.6599228945282762,
      "15": -1.4988626222761876,
      "16": -1.6621160340141832,
      "17": -1.574991281819607,
      "18": -1.601347099701491,
      "19": -1.566873736989773,
      "20": -1.6518133874039393,
      "21": -1.6050821187676418,
      "22": -1.7036051674229564,
      "23": -1.6253879282149435,
      "24": -1.717433522759456,
      "25": -1.6855365069795925,
      "26": -1.6602474231013882,
      "27": -1.638906881341745,
      "28": -1.7448020992183797,
      "29": -1.6616499452710474,
      "30": -1.7200592018262997,
      "31": -1.6723171838327013,
      "32": -1.7448020992183797,
      "33": -1.7448020992183797,
      "34": -1.7448020992183797,
      "35": -1.7448020992183797,
      "36": -1.7448020992183797
    }
  },
  "dimension_momenta": {
    "D1_Earth": 4.15974142047068,
    "D2_Fire": 3.6294584583657628,
    "D3_Water": 0.5,
    "D4_Air": 4.517113029892162
  },
  "hologram_16": {
    "dimensions": {
      "D1_Earth": {
        "value": 0.25,
        "gradient": 0.3333333333333333,
        "momentum": 10.688703054375521,
        "curvature": 0.25
      },
      "D2_Fire": {
        "value": 0.25,
        "gradient": 0.3333333333333333,
        "momentum": -5.395560369827497,
        "curvature": 0.25
      },
      "D3_Water": {
        "value": 0.25,
        "gradient": 0.3333333333333333,
        "momentum": 0.5,
        "curvature": 0.25
      },
      "D4_Air": {
        "value": 0.25,
        "gradient": 0.5,
        "momentum": -7.006882190432713,
        "curvature": 0.25
      }
    },
    "interconnections": {
      "D1_Earth_D2_Fire": 0.03989917061490203,
      "D1_Earth_D3_Water": 0.03412146970449235,
      "D1_Earth_D4_Air": 0.024274374707529977,
      "D2_Fire_D3_Water": 0.03596356762184956,
      "D2_Fire_D4_Air": 0.026749236699918685,
      "D3_Water_D4_Air": 0.035341160339381825
    },
    "total_values": 16,
    "compression_ratio": "38837:16 = 2427:1",
    "hash": "7d596ca202d55726"
  }
}