{
  "type": "momentum_field",
  "version": 2,
  "total_params": 148,
  "training_cycles": 78,
  "meta_loops_completed": 0,
  "shell_momenta": {
    "S": {
      "1": 20.0,
      "2": 20.0,
      "3": 20.0,
      "4": 17.606602620751808,
      "5": 16.03100120386458,
      "6": 20.0,
      "7": 15.550546061522587,
      "8": 20.0,
      "9": 16.52588991101607,
      "10": 16.526305640149793,
      "11": 16.526392787914038,
      "12": 16.782508922717238,
      "13": 16.52604849813121,
      "14": 16.448913373599105,
      "15": 16.526685991379143,
      "16": 16.76183044839525,
      "17": 16.526512922001743,
      "18": 16.038769235207887,
      "19": 15.352178124989273,
      "20": 16.552749976900326,
      "21": 17.737607608148775,
      "22": 16.52612067133794,
      "23": 16.526784510592023,
      "24": 16.526141512673842,
      "25": 16.996661356928083,
      "26": 16.03130687559889,
      "27": 16.700049711389173,
      "28": 16.52561994637588,
      "29": 16.52715032831238,
      "30": 16.562203324429305,
      "31": 16.52728716408991,
      "32": 16.52598423781456,
      "33": 16.553902367005996,
      "34": 16.526322107363015,
      "35": 16.526425349022805,
      "36": 18.09498797618502
    },
    "F": {
      "1": 0.01,
      "2": 0.01,
      "3": 0.01,
      "4": 0.01,
      "5": 0.010000032284939848,
      "6": 0.07091035797860251,
      "7": 0.03497579916734263,
      "8": 0.010000033283443142,
      "9": 0.03781156277718841,
      "10": 0.011920093228174385,
      "11": 0.010000033283443142,
      "12": 0.010000033283443142,
      "13": 0.010000033283443142,
      "14": 0.010000033283443142,
      "15": 0.010071860994524381,
      "16": 0.010000033283443142,
      "17": 0.010000033283443142,
      "18": 0.03549012638401356,
      "19": 0.010000032284939848,
      "20": 0.01,
      "21": 0.010000033283443142,
      "22": 0.010292984941965703,
      "23": 0.010000033283443142,
      "24": 0.03781152949374527,
      "25": 0.01,
      "26": 0.010000033283443142,
      "27": 0.010000033283443142,
      "28": 0.010000033283443142,
      "29": 0.036584364260200744,
      "30": 0.024864950249433,
      "31": 0.010000033283443142,
      "32": 0.010000033283443142,
      "33": 0.010000033283443142,
      "34": 0.010000033283443142,
      "35": 0.010000033283443142,
      "36": 0.01
    },
    "C": {
      "1": 0.5,
      "2": 0.5,
      "3": 0.5,
      "4": 0.5,
      "5": 0.5,
      "6": 0.5,
      "7": 0.5,
      "8": 0.5,
      "9": 0.5,
      "10": 0.5,
      "11": 0.5,
      "12": 0.5,
      "13": 0.5,
      "14": 0.5,
      "15": 0.5,
      "16": 0.5,
      "17": 0.5,
      "18": 0.5,
      "19": 0.5,
      "20": 0.5,
      "21": 0.5,
      "22": 0.5,
      "23": 0.5,
      "24": 0.5,
      "25": 0.5,
      "26": 0.5,
      "27": 0.5,
      "28": 0.5,
      "29": 0.5,
      "30": 0.5,
      "31": 0.5,
      "32": 0.5,
      "33": 0.5,
      "34": 0.5,
      "35": 0.5,
      "36": 0.5
    },
    "R": {
      "1": 0.03781152949374527,
      "2": 0.01,
      "3": 0.01,
      "4": 0.01,
      "5": 0.01,
      "6": 0.01,
      "7": 0.01,
      "8": 0.01,
      "9": 0.01,
      "10": 0.010008231772961137,
      "11": 0.01,
      "12": 0.01,
      "13": 0.01,
      "14": 0.01,
      "15": 0.01,
      "16": 0.010277454659568983,
      "17": 0.010682395986858675,
      "18": 0.010224723649218084,
      "19": 0.01,
      "20": 0.01,
      "21": 0.01,
      "22": 0.01,
      "23": 0.5324807189266937,
      "24": 0.01,
      "25": 0.01,
      "26": 0.010000000998503294,
      "27": 0.01,
      "28": 0.49060454143804133,
      "29": 0.03781152949374527,
      "30": 0.5054972977680449,
      "31": 0.01,
      "32": 0.01,
      "33": 0.01,
      "34": 0.010000000998503294,
      "35": 0.0400215294953353,
      "36": 0.01
    }
  },
  "dimension_momenta": {
    "D1_Earth": 16.476166845491058,
    "D2_Fire": 0.010000033283443139,
    "D3_Water": 0.5,
    "D4_Air": 0.01
  },
  "hologram_16": {
    "dimensions": {
      "D1_Earth": {
        "value": 0.25,
        "gradient": 0.3333333333333333,
        "momentum": 17.047152521272434,
        "curvature": 0.25
      },
      "D2_Fire": {
        "value": 0.25,
        "gradient": 0.3333333333333333,
        "momentum": 0.015853729440655658,
        "curvature": 0.25
      },
      "D3_Water": {
        "value": 0.25,
        "gradient": 0.3333333333333333,
        "momentum": 0.5,
        "curvature": 0.25
      },
      "D4_Air": {
        "value": 0.25,
        "gradient": 0.5,
        "momentum": 0.054039443185589425,
        "curvature": 0.25
      }
    },
    "interconnections": {
      "D1_Earth_D2_Fire": 0.044445530444176436,
      "D1_Earth_D3_Water": 0.036108485162897636,
      "D1_Earth_D4_Air": 0.027477964490497934,
      "D2_Fire_D3_Water": 0.038053841272192135,
      "D2_Fire_D4_Air": 0.0306468416164457,
      "D3_Water_D4_Air": 0.03806859131530404
    },
    "total_values": 16,
    "compression_ratio": "38837:16 = 2427:1",
    "hash": "cb5d679eb52743e1"
  }
}