{
  "type": "momentum_field",
  "version": 2,
  "total_params": 148,
  "training_cycles": 34,
  "meta_loops_completed": 0,
  "shell_momenta": {
    "S": {
      "1": 19.551372320068353,
      "2": 18.92992947815143,
      "3": 18.430573638880624,
      "4": 18.121954757730588,
      "5": 15.148269723723608,
      "6": 15.159539485215868,
      "7": 15.167882748623578,
      "8": 15.074373256760584,
      "9": 15.084309645141506,
      "10": 15.128175018114105,
      "11": 15.137370354385403,
      "12": 15.05811837635522,
      "13": 15.101042855277255,
      "14": 15.086655753858235,
      "15": 15.168307515893204,
      "16": 15.096744668613049,
      "17": 15.150046219837835,
      "18": 15.14456378830411,
      "19": 15.175306163679451,
      "20": 15.130531705431071,
      "21": 15.171983564008585,
      "22": 15.108658161434775,
      "23": 15.178702702727962,
      "24": 15.110857220626059,
      "25": 15.147220434470086,
      "26": 15.181519970298394,
      "27": 15.215647078856277,
      "28": 15.055824512225689,
      "29": 15.217301707324108,
      "30": 15.156764344109959,
      "31": 15.231739840066174,
      "32": 15.094262472262246,
      "33": 15.105338810349755,
      "34": 15.129912544765945,
      "35": 15.140806017331338,
      "36": 15.064014660992305
    },
    "F": {
      "1": -0.8522221902334888,
      "2": -0.8522221902334888,
      "3": -0.8522221902334888,
      "4": -0.8522221902334888,
      "5": -9.608020806192242,
      "6": -9.592327793154155,
      "7": -9.579577489196351,
      "8": -9.686981948828832,
      "9": -9.673711219247659,
      "10": -9.618511944049692,
      "11": -9.604660501352525,
      "12": -9.702286269317622,
      "13": -9.64614610542011,
      "14": -9.663070277756324,
      "15": -9.55325185488298,
      "16": -9.646361459909109,
      "17": -9.571749914891578,
      "18": -9.576497571931172,
      "19": -9.53048606036549,
      "20": -9.591043210496471,
      "21": -9.52855438186547,
      "22": -9.61824961263352,
      "23": -9.51194174919137,
      "24": -9.610905785749033,
      "25": -9.553220791272022,
      "26": -9.497251461165014,
      "27": -9.44015371851125,
      "28": -9.690232823433265,
      "29": -9.429098369783073,
      "30": -9.523653047900604,
      "31": -9.39678755022115,
      "32": -9.622204327303077,
      "33": -9.601733858457537,
      "34": -9.557685674760377,
      "35": -9.536353240692653,
      "36": -9.668388903190248
    },
    "C": {
      "1": 0.5,
      "2": 0.5,
      "3": 0.5,
      "4": 0.5,
      "5": 0.5,
      "6": 0.5,
      "7": 0.5,
      "8": 0.5,
      "9": 0.5,
      "10": 0.5,
      "11": 0.5,
      "12": 0.5,
      "13": 0.5,
      "14": 0.5,
      "15": 0.5,
      "16": 0.5,
      "17": 0.5,
      "18": 0.5,
      "19": 0.5,
      "20": 0.5,
      "21": 0.5,
      "22": 0.5,
      "23": 0.5,
      "24": 0.5,
      "25": 0.5,
      "26": 0.5,
      "27": 0.5,
      "28": 0.5,
      "29": 0.5,
      "30": 0.5,
      "31": 0.5,
      "32": 0.5,
      "33": 0.5,
      "34": 0.5,
      "35": 0.5,
      "36": 0.5
    },
    "R": {
      "1": -0.9325784550230644,
      "2": -0.9325784550230644,
      "3": -0.9325784550230644,
      "4": -0.9325784550230644,
      "5": -10.421823268505166,
      "6": -10.421085179338359,
      "7": -10.422438484206896,
      "8": -10.476231530310507,
      "9": -10.473678892111561,
      "10": -10.45646364523349,
      "11": -10.456142683390354,
      "12": -10.490497739976217,
      "13": -10.476144117255537,
      "14": -10.483212825470499,
      "15": -10.459038542645985,
      "16": -10.48354200394179,
      "17": -10.470465046035805,
      "18": -10.47442091290874,
      "19": -10.469246646105065,
      "20": -10.481995631956233,
      "21": -10.4749815192333,
      "22": -10.48976930028957,
      "23": -10.478029312296705,
      "24": -10.491844862240558,
      "25": -10.487057291290016,
      "26": -10.483261535468323,
      "27": -10.48005843463587,
      "28": -10.495952738742758,
      "29": -10.483472046521873,
      "30": -10.492238962582501,
      "31": -10.485073141803413,
      "32": -10.495952738742758,
      "33": -10.495952738742758,
      "34": -10.495952738742758,
      "35": -10.495952738742758,
      "36": -10.495952738742758
    }
  },
  "dimension_momenta": {
    "D1_Earth": 10.055310301659453,
    "D2_Fire": 0.01,
    "D3_Water": 0.5,
    "D4_Air": 0.01
  },
  "hologram_16": {
    "dimensions": {
      "D1_Earth": {
        "value": 0.25,
        "gradient": 0.3333333333333333,
        "momentum": 15.537656153219299,
        "curvature": 0.25
      },
      "D2_Fire": {
        "value": 0.25,
        "gradient": 0.3333333333333333,
        "momentum": -8.612221902334888,
        "curvature": 0.25
      },
      "D3_Water": {
        "value": 0.25,
        "gradient": 0.3333333333333333,
        "momentum": 0.5,
        "curvature": 0.25
      },
      "D4_Air": {
        "value": 0.25,
        "gradient": 0.5,
        "momentum": -9.415784550230644,
        "curvature": 0.25
      }
    },
    "interconnections": {
      "D1_Earth_D2_Fire": 0.04052967790711808,
      "D1_Earth_D3_Water": 0.03563676754788103,
      "D1_Earth_D4_Air": 0.02485688498755573,
      "D2_Fire_D3_Water": 0.03472106377347838,
      "D2_Fire_D4_Air": 0.024991247983573273,
      "D3_Water_D4_Air": 0.03441067063067248
    },
    "total_values": 16,
    "compression_ratio": "38837:16 = 2427:1",
    "hash": "c66b28d3f6d24602"
  }
}