{
  "generated_at": "2026-03-13T21:40:51.606491+00:00",
  "metallic_constants": {
    "phi": 1.61803398875,
    "silver": 2.41421356237,
    "bronze": 3.30277563773,
    "copper": 4.2360679775
  }
}
